file_name,cwe,severity
BenchmarkTest02656,"[89, 564]",high
BenchmarkTest02655,"[89, 564]",high
BenchmarkTest02654,"[89, 564]",high
BenchmarkTest02653,"[89, 564]",high
BenchmarkTest02651,"[89, 564]",high
BenchmarkTest02650,"[89, 564]",high
BenchmarkTest05649,"[89, 564]",high
BenchmarkTest05648,"[89, 564]",high
BenchmarkTest05647,"[89, 564]",high
BenchmarkTest05645,"[89, 564]",high
BenchmarkTest05644,"[89, 564]",high
BenchmarkTest05643,"[89, 564]",high
BenchmarkTest05642,"[89, 564]",high
BenchmarkTest05641,"[89, 564]",high
BenchmarkTest05640,"[89, 564]",high
BenchmarkTest02636,"[89, 564]",high
BenchmarkTest02635,"[89, 564]",high
BenchmarkTest02634,"[89, 564]",high
BenchmarkTest02632,"[89, 564]",high
BenchmarkTest02630,"[89, 564]",high
BenchmarkTest02629,"[89, 564]",high
BenchmarkTest02628,"[89, 564]",high
BenchmarkTest02627,"[89, 564]",high
BenchmarkTest02625,"[89, 564]",high
BenchmarkTest02546,"[89, 564]",high
BenchmarkTest02545,"[89, 564]",high
BenchmarkTest02544,"[89, 564]",high
BenchmarkTest02543,"[89, 564]",high
BenchmarkTest02542,"[89, 564]",high
BenchmarkTest02535,"[89, 564]",high
BenchmarkTest02534,"[89, 564]",high
BenchmarkTest02533,"[89, 564]",high
BenchmarkTest02532,"[89, 564]",high
BenchmarkTest02531,"[89, 564]",high
BenchmarkTest02530,"[89, 564]",high
BenchmarkTest02529,"[89, 564]",high
BenchmarkTest02528,"[89, 564]",high
BenchmarkTest02451,"[89, 564]",high
BenchmarkTest02454,"[89, 564]",high
BenchmarkTest02455,"[89, 564]",high
BenchmarkTest02449,"[89, 564]",high
BenchmarkTest02453,"[89, 564]",high
BenchmarkTest02369,"[89, 564]",high
BenchmarkTest02365,"[89, 564]",high
BenchmarkTest02364,"[89, 564]",high
BenchmarkTest02362,"[89, 564]",high
BenchmarkTest02360,"[89, 564]",high
BenchmarkTest02359,"[89, 564]",high
BenchmarkTest02358,"[89, 564]",high
BenchmarkTest02357,"[89, 564]",high
BenchmarkTest02356,"[89, 564]",high
BenchmarkTest02355,"[89, 564]",high
BenchmarkTest02354,"[89, 564]",high
BenchmarkTest02288,"[89, 564]",high
BenchmarkTest02287,"[89, 564]",high
BenchmarkTest02286,"[89, 564]",high
BenchmarkTest02284,"[89, 564]",high
BenchmarkTest02283,"[89, 564]",high
BenchmarkTest02281,"[89, 564]",high
BenchmarkTest02280,"[89, 564]",high
BenchmarkTest02278,"[89, 564]",high
BenchmarkTest02277,"[89, 564]",high
BenchmarkTest02275,"[89, 564]",high
BenchmarkTest02274,"[89, 564]",high
BenchmarkTest02270,"[89, 564]",high
BenchmarkTest02269,"[89, 564]",high
BenchmarkTest02268,"[89, 564]",high
BenchmarkTest02267,"[89, 564]",high
BenchmarkTest02266,"[89, 564]",high
BenchmarkTest02265,"[89, 564]",high
BenchmarkTest02264,"[89, 564]",high
BenchmarkTest02187,"[89, 564]",high
BenchmarkTest02186,"[89, 564]",high
BenchmarkTest02185,"[89, 564]",high
BenchmarkTest02184,"[89, 564]",high
BenchmarkTest01967,"[89, 564]",high
BenchmarkTest01971,"[89, 564]",high
BenchmarkTest01970,"[89, 564]",high
BenchmarkTest01964,"[89, 564]",high
BenchmarkTest01962,"[89, 564]",high
BenchmarkTest01891,"[89, 564]",high
BenchmarkTest01890,"[89, 564]",high
BenchmarkTest01889,"[89, 564]",high
BenchmarkTest01888,"[89, 564]",high
BenchmarkTest01887,"[89, 564]",high
BenchmarkTest01885,"[89, 564]",high
BenchmarkTest01883,"[89, 564]",high
BenchmarkTest01882,"[89, 564]",high
BenchmarkTest01880,"[89, 564]",high
BenchmarkTest01879,"[89, 564]",high
BenchmarkTest01877,"[89, 564]",high
BenchmarkTest01733,"[89, 564]",high
BenchmarkTest01731,"[89, 564]",high
BenchmarkTest01730,"[89, 564]",high
BenchmarkTest01729,"[89, 564]",high
BenchmarkTest01728,"[89, 564]",high
BenchmarkTest01726,"[89, 564]",high
BenchmarkTest01725,"[89, 564]",high
BenchmarkTest01724,"[89, 564]",high
BenchmarkTest01723,"[89, 564]",high
BenchmarkTest01722,"[89, 564]",high
BenchmarkTest01721,"[89, 564]",high
BenchmarkTest01720,"[89, 564]",high
BenchmarkTest01719,"[89, 564]",high
BenchmarkTest01718,"[89, 564]",high
BenchmarkTest01717,"[89, 564]",high
BenchmarkTest01716,"[89, 564]",high
BenchmarkTest01715,"[89, 564]",high
BenchmarkTest01713,"[89, 564]",high
BenchmarkTest01712,"[89, 564]",high
BenchmarkTest01631,"[89, 564]",high
BenchmarkTest01627,"[89, 564]",high
BenchmarkTest01630,"[89, 564]",high
BenchmarkTest01628,"[89, 564]",high
BenchmarkTest01626,"[89, 564]",high
BenchmarkTest01625,"[89, 564]",high
BenchmarkTest01623,"[89, 564]",high
BenchmarkTest01622,"[89, 564]",high
BenchmarkTest01621,"[89, 564]",high
BenchmarkTest01620,"[89, 564]",high
BenchmarkTest01559,"[89, 564]",high
BenchmarkTest01560,"[89, 564]",high
BenchmarkTest01558,"[89, 564]",high
BenchmarkTest01557,"[89, 564]",high
BenchmarkTest01556,"[89, 564]",high
BenchmarkTest01555,"[89, 564]",high
BenchmarkTest01554,"[89, 564]",high
BenchmarkTest01553,"[89, 564]",high
BenchmarkTest01552,"[89, 564]",high
BenchmarkTest01477,"[89, 564]",high
BenchmarkTest01475,"[89, 564]",high
BenchmarkTest01476,"[89, 564]",high
BenchmarkTest01474,"[89, 564]",high
BenchmarkTest01473,"[89, 564]",high
BenchmarkTest01470,"[89, 564]",high
BenchmarkTest01467,"[89, 564]",high
BenchmarkTest01466,"[89, 564]",high
BenchmarkTest01465,"[89, 564]",high
BenchmarkTest01462,"[89, 564]",high
BenchmarkTest01464,"[89, 564]",high
BenchmarkTest01463,"[89, 564]",high
BenchmarkTest01461,"[89, 564]",high
BenchmarkTest01460,"[89, 564]",high
BenchmarkTest01459,"[89, 564]",high
BenchmarkTest01396,"[89, 564]",high
BenchmarkTest01395,"[89, 564]",high
BenchmarkTest01394,"[89, 564]",high
BenchmarkTest01391,"[89, 564]",high
BenchmarkTest01390,"[89, 564]",high
BenchmarkTest01389,"[89, 564]",high
BenchmarkTest01386,"[89, 564]",high
BenchmarkTest01388,"[89, 564]",high
BenchmarkTest01384,"[89, 564]",high
BenchmarkTest01385,"[89, 564]",high
BenchmarkTest01383,"[89, 564]",high
BenchmarkTest01382,"[89, 564]",high
BenchmarkTest01381,"[89, 564]",high
BenchmarkTest01379,"[89, 564]",high
BenchmarkTest01314,"[89, 564]",high
BenchmarkTest01312,"[89, 564]",high
BenchmarkTest01313,"[89, 564]",high
BenchmarkTest01311,"[89, 564]",high
BenchmarkTest01310,"[89, 564]",high
BenchmarkTest01308,"[89, 564]",high
BenchmarkTest01306,"[89, 564]",high
BenchmarkTest01304,"[89, 564]",high
BenchmarkTest01303,"[89, 564]",high
BenchmarkTest01302,"[89, 564]",high
BenchmarkTest01222,"[89, 564]",high
BenchmarkTest01221,"[89, 564]",high
BenchmarkTest01219,"[89, 564]",high
BenchmarkTest01216,"[89, 564]",high
BenchmarkTest01215,"[89, 564]",high
BenchmarkTest01211,"[89, 564]",high
BenchmarkTest01212,"[89, 564]",high
BenchmarkTest01208,"[89, 564]",high
BenchmarkTest01210,"[89, 564]",high
BenchmarkTest01209,"[89, 564]",high
BenchmarkTest01098,"[89, 564]",high
BenchmarkTest01096,"[89, 564]",high
BenchmarkTest01097,"[89, 564]",high
BenchmarkTest01094,"[89, 564]",high
BenchmarkTest01093,"[89, 564]",high
BenchmarkTest01091,"[89, 564]",high
BenchmarkTest01090,"[89, 564]",high
BenchmarkTest01089,"[89, 564]",high
BenchmarkTest01088,"[89, 564]",high
BenchmarkTest01087,"[89, 564]",high
BenchmarkTest01085,"[89, 564]",high
BenchmarkTest01084,"[89, 564]",high
BenchmarkTest01083,"[89, 564]",high
BenchmarkTest01012,"[89, 564]",high
BenchmarkTest01011,"[89, 564]",high
BenchmarkTest01009,"[89, 564]",high
BenchmarkTest01008,"[89, 564]",high
BenchmarkTest01007,"[89, 564]",high
BenchmarkTest01006,"[89, 564]",high
BenchmarkTest01004,"[89, 564]",high
BenchmarkTest01003,"[89, 564]",high
BenchmarkTest01002,"[89, 564]",high
BenchmarkTest01000,"[89, 564]",high
BenchmarkTest00998,"[89, 564]",high
BenchmarkTest00997,"[89, 564]",high
BenchmarkTest00996,"[89, 564]",high
BenchmarkTest00850,"[89, 564]",high
BenchmarkTest00849,"[89, 564]",high
BenchmarkTest00847,"[89, 564]",high
BenchmarkTest00848,"[89, 564]",high
BenchmarkTest00844,"[89, 564]",high
BenchmarkTest00842,"[89, 564]",high
BenchmarkTest00843,"[89, 564]",high
BenchmarkTest00845,"[89, 564]",high
BenchmarkTest00837,"[89, 564]",high
BenchmarkTest00839,"[89, 564]",high
BenchmarkTest00838,"[89, 564]",high
BenchmarkTest00773,"[89, 564]",high
BenchmarkTest00770,"[89, 564]",high
BenchmarkTest00774,"[89, 564]",high
BenchmarkTest00771,"[89, 564]",high
BenchmarkTest00772,"[89, 564]",high
BenchmarkTest00768,"[89, 564]",high
BenchmarkTest00767,"[89, 564]",high
BenchmarkTest00765,"[89, 564]",high
BenchmarkTest00764,"[89, 564]",high
BenchmarkTest00760,"[89, 564]",high
BenchmarkTest00763,"[89, 564]",high
BenchmarkTest00762,"[89, 564]",high
BenchmarkTest00761,"[89, 564]",high
BenchmarkTest00680,"[89, 564]",high
BenchmarkTest00682,"[89, 564]",high
BenchmarkTest00681,"[89, 564]",high
BenchmarkTest00679,"[89, 564]",high
BenchmarkTest00678,"[89, 564]",high
BenchmarkTest00677,"[89, 564]",high
BenchmarkTest00673,"[89, 564]",high
BenchmarkTest00604,"[89, 564]",high
BenchmarkTest00602,"[89, 564]",high
BenchmarkTest00606,"[89, 564]",high
BenchmarkTest00603,"[89, 564]",high
BenchmarkTest00596,"[89, 564]",high
BenchmarkTest00598,"[89, 564]",high
BenchmarkTest00595,"[89, 564]",high
BenchmarkTest00597,"[89, 564]",high
BenchmarkTest00593,"[89, 564]",high
BenchmarkTest00594,"[89, 564]",high
BenchmarkTest00591,"[89, 564]",high
BenchmarkTest00590,"[89, 564]",high
BenchmarkTest00589,"[89, 564]",high
BenchmarkTest00519,"[89, 564]",high
BenchmarkTest00515,"[89, 564]",high
BenchmarkTest00518,"[89, 564]",high
BenchmarkTest00516,"[89, 564]",high
BenchmarkTest00513,"[89, 564]",high
BenchmarkTest00512,"[89, 564]",high
BenchmarkTest00509,"[89, 564]",high
BenchmarkTest00510,"[89, 564]",high
BenchmarkTest00440,"[89, 564]",high
BenchmarkTest00435,"[89, 564]",high
BenchmarkTest00441,"[89, 564]",high
BenchmarkTest00438,"[89, 564]",high
BenchmarkTest00439,"[89, 564]",high
BenchmarkTest00432,"[89, 564]",high
BenchmarkTest00433,"[89, 564]",high
BenchmarkTest00431,"[89, 564]",high
BenchmarkTest00428,"[89, 564]",high
BenchmarkTest00429,"[89, 564]",high
BenchmarkTest00342,"[89, 564]",high
BenchmarkTest00337,"[89, 564]",high
BenchmarkTest00339,"[89, 564]",high
BenchmarkTest00335,"[89, 564]",high
BenchmarkTest00331,"[89, 564]",high
BenchmarkTest00328,"[89, 564]",high
BenchmarkTest00205,"[89, 564]",high
BenchmarkTest00197,"[89, 564]",high
BenchmarkTest00204,"[89, 564]",high
BenchmarkTest00203,"[89, 564]",high
BenchmarkTest00199,"[89, 564]",high
BenchmarkTest00193,"[89, 564]",high
BenchmarkTest00198,"[89, 564]",high
BenchmarkTest00196,"[89, 564]",high
BenchmarkTest00195,"[89, 564]",high
BenchmarkTest00191,"[89, 564]",high
BenchmarkTest00190,"[89, 564]",high
BenchmarkTest00192,"[89, 564]",high
BenchmarkTest00113,"[89, 564]",high
BenchmarkTest00115,"[89, 564]",high
BenchmarkTest00111,"[89, 564]",high
BenchmarkTest00112,"[89, 564]",high
BenchmarkTest00108,"[89, 564]",high
BenchmarkTest00106,"[89, 564]",high
BenchmarkTest00109,"[89, 564]",high
BenchmarkTest00101,"[89, 564]",high
BenchmarkTest00100,"[89, 564]",high
BenchmarkTest00103,"[89, 564]",high
BenchmarkTest00102,"[89, 564]",high
BenchmarkTest00043,"[89, 564]",high
BenchmarkTest00037,"[89, 564]",high
BenchmarkTest00039,"[89, 564]",high
BenchmarkTest00038,"[89, 564]",high
BenchmarkTest00034,"[89, 564]",high
BenchmarkTest00033,"[89, 564]",high
BenchmarkTest00032,"[89, 564]",high
BenchmarkTest00027,"[89, 564]",high
BenchmarkTest00026,"[89, 564]",high
BenchmarkTest00025,"[89, 564]",high
BenchmarkTest00024,"[89, 564]",high
BenchmarkTest00018,"[89, 564]",high
BenchmarkTest00008,"[89, 564]",high
BenchmarkTest02646,"[89, 564]",high
BenchmarkTest02638,"[89, 564]",high
BenchmarkTest02537,"[89, 564]",high
BenchmarkTest02536,"[89, 564]",high
BenchmarkTest02272,"[89, 564]",high
BenchmarkTest02273,"[89, 564]",high
BenchmarkTest01968,"[89, 564]",high
BenchmarkTest01963,"[89, 564]",high
BenchmarkTest01881,"[89, 564]",high
BenchmarkTest01727,"[89, 564]",high
BenchmarkTest01624,"[89, 564]",high
BenchmarkTest01471,"[89, 564]",high
BenchmarkTest01214,"[89, 564]",high
BenchmarkTest01010,"[89, 564]",high
BenchmarkTest01005,"[89, 564]",high
BenchmarkTest00846,"[89, 564]",high
BenchmarkTest00841,"[89, 564]",high
BenchmarkTest00840,"[89, 564]",high
BenchmarkTest00769,"[89, 564]",high
BenchmarkTest00600,"[89, 564]",high
BenchmarkTest00511,"[89, 564]",high
BenchmarkTest00434,"[89, 564]",high
BenchmarkTest00341,"[89, 564]",high
BenchmarkTest00340,"[89, 564]",high
BenchmarkTest00200,"[89, 564]",high
BenchmarkTest00194,"[89, 564]",high
BenchmarkTest02570,"[22, 23, 36, 73]",high
BenchmarkTest02569,"[22, 23, 36, 73]",high
BenchmarkTest02568,"[22, 23, 36, 73]",high
BenchmarkTest02567,"[22, 23, 36, 73]",high
BenchmarkTest02566,"[22, 23, 36, 73]",high
BenchmarkTest02564,"[22, 23, 36, 73]",high
BenchmarkTest02565,"[22, 23, 36, 73]",high
BenchmarkTest02562,"[22, 23, 36, 73]",high
BenchmarkTest02561,"[22, 23, 36, 73]",high
BenchmarkTest02560,"[22, 23, 36, 73]",high
BenchmarkTest02559,"[22, 23, 36, 73]",high
BenchmarkTest02556,"[22, 23, 36, 73]",high
BenchmarkTest02557,"[22, 23, 36, 73]",high
BenchmarkTest02555,"[22, 23, 36, 73]",high
BenchmarkTest02469,"[22, 23, 36, 73]",high
BenchmarkTest02468,"[22, 23, 36, 73]",high
BenchmarkTest02466,"[22, 23, 36, 73]",high
BenchmarkTest02463,"[22, 23, 36, 73]",high
BenchmarkTest02465,"[22, 23, 36, 73]",high
BenchmarkTest02464,"[22, 23, 36, 73]",high
BenchmarkTest02462,"[22, 23, 36, 73]",high
BenchmarkTest02383,"[22, 23, 36, 73]",high
BenchmarkTest02381,"[22, 23, 36, 73]",high
BenchmarkTest02379,"[22, 23, 36, 73]",high
BenchmarkTest02378,"[22, 23, 36, 73]",high
BenchmarkTest02377,"[22, 23, 36, 73]",high
BenchmarkTest02304,"[22, 23, 36, 73]",high
BenchmarkTest02303,"[22, 23, 36, 73]",high
BenchmarkTest02302,"[22, 23, 36, 73]",high
BenchmarkTest02301,"[22, 23, 36, 73]",high
BenchmarkTest02207,"[22, 23, 36, 73]",high
BenchmarkTest02205,"[22, 23, 36, 73]",high
BenchmarkTest02204,"[22, 23, 36, 73]",high
BenchmarkTest02201,"[22, 23, 36, 73]",high
BenchmarkTest02199,"[22, 23, 36, 73]",high
BenchmarkTest02198,"[22, 23, 36, 73]",high
BenchmarkTest02197,"[22, 23, 36, 73]",high
BenchmarkTest02113,"[22, 23, 36, 73]",high
BenchmarkTest02112,"[22, 23, 36, 73]",high
BenchmarkTest02111,"[22, 23, 36, 73]",high
BenchmarkTest02110,"[22, 23, 36, 73]",high
BenchmarkTest02109,"[22, 23, 36, 73]",high
BenchmarkTest02108,"[22, 23, 36, 73]",high
BenchmarkTest02106,"[22, 23, 36, 73]",high
BenchmarkTest02105,"[22, 23, 36, 73]",high
BenchmarkTest02034,"[22, 23, 36, 73]",high
BenchmarkTest02032,"[22, 23, 36, 73]",high
BenchmarkTest02033,"[22, 23, 36, 73]",high
BenchmarkTest02029,"[22, 23, 36, 73]",high
BenchmarkTest02028,"[22, 23, 36, 73]",high
BenchmarkTest02027,"[22, 23, 36, 73]",high
BenchmarkTest02026,"[22, 23, 36, 73]",high
BenchmarkTest01990,"[22, 23, 36, 73]",high
BenchmarkTest01989,"[22, 23, 36, 73]",high
BenchmarkTest01988,"[22, 23, 36, 73]",high
BenchmarkTest01987,"[22, 23, 36, 73]",high
BenchmarkTest01986,"[22, 23, 36, 73]",high
BenchmarkTest01985,"[22, 23, 36, 73]",high
BenchmarkTest01984,"[22, 23, 36, 73]",high
BenchmarkTest01983,"[22, 23, 36, 73]",high
BenchmarkTest01908,"[22, 23, 36, 73]",high
BenchmarkTest01907,"[22, 23, 36, 73]",high
BenchmarkTest01906,"[22, 23, 36, 73]",high
BenchmarkTest01905,"[22, 23, 36, 73]",high
BenchmarkTest01904,"[22, 23, 36, 73]",high
BenchmarkTest01839,"[22, 23, 36, 73]",high
BenchmarkTest01840,"[22, 23, 36, 73]",high
BenchmarkTest01838,"[22, 23, 36, 73]",high
BenchmarkTest01836,"[22, 23, 36, 73]",high
BenchmarkTest01835,"[22, 23, 36, 73]",high
BenchmarkTest01834,"[22, 23, 36, 73]",high
BenchmarkTest01833,"[22, 23, 36, 73]",high
BenchmarkTest01647,"[22, 23, 36, 73]",high
BenchmarkTest01646,"[22, 23, 36, 73]",high
BenchmarkTest01642,"[22, 23, 36, 73]",high
BenchmarkTest01645,"[22, 23, 36, 73]",high
BenchmarkTest01643,"[22, 23, 36, 73]",high
BenchmarkTest01572,"[22, 23, 36, 73]",high
BenchmarkTest01574,"[22, 23, 36, 73]",high
BenchmarkTest01573,"[22, 23, 36, 73]",high
BenchmarkTest01571,"[22, 23, 36, 73]",high
BenchmarkTest01498,"[22, 23, 36, 73]",high
BenchmarkTest01500,"[22, 23, 36, 73]",high
BenchmarkTest01496,"[22, 23, 36, 73]",high
BenchmarkTest01495,"[22, 23, 36, 73]",high
BenchmarkTest01497,"[22, 23, 36, 73]",high
BenchmarkTest01494,"[22, 23, 36, 73]",high
BenchmarkTest01493,"[22, 23, 36, 73]",high
BenchmarkTest01409,"[22, 23, 36, 73]",high
BenchmarkTest01408,"[22, 23, 36, 73]",high
BenchmarkTest01406,"[22, 23, 36, 73]",high
BenchmarkTest01405,"[22, 23, 36, 73]",high
BenchmarkTest01403,"[22, 23, 36, 73]",high
BenchmarkTest01330,"[22, 23, 36, 73]",high
BenchmarkTest01331,"[22, 23, 36, 73]",high
BenchmarkTest01329,"[22, 23, 36, 73]",high
BenchmarkTest01236,"[22, 23, 36, 73]",high
BenchmarkTest01240,"[22, 23, 36, 73]",high
BenchmarkTest01238,"[22, 23, 36, 73]",high
BenchmarkTest01239,"[22, 23, 36, 73]",high
BenchmarkTest01235,"[22, 23, 36, 73]",high
BenchmarkTest01234,"[22, 23, 36, 73]",high
BenchmarkTest01233,"[22, 23, 36, 73]",high
BenchmarkTest01232,"[22, 23, 36, 73]",high
BenchmarkTest01231,"[22, 23, 36, 73]",high
BenchmarkTest01161,"[22, 23, 36, 73]",high
BenchmarkTest01158,"[22, 23, 36, 73]",high
BenchmarkTest01157,"[22, 23, 36, 73]",high
BenchmarkTest01155,"[22, 23, 36, 73]",high
BenchmarkTest01156,"[22, 23, 36, 73]",high
BenchmarkTest01118,"[22, 23, 36, 73]",high
BenchmarkTest01117,"[22, 23, 36, 73]",high
BenchmarkTest01116,"[22, 23, 36, 73]",high
BenchmarkTest01113,"[22, 23, 36, 73]",high
BenchmarkTest01112,"[22, 23, 36, 73]",high
BenchmarkTest01111,"[22, 23, 36, 73]",high
BenchmarkTest01110,"[22, 23, 36, 73]",high
BenchmarkTest01036,"[22, 23, 36, 73]",high
BenchmarkTest01034,"[22, 23, 36, 73]",high
BenchmarkTest01033,"[22, 23, 36, 73]",high
BenchmarkTest01032,"[22, 23, 36, 73]",high
BenchmarkTest01031,"[22, 23, 36, 73]",high
BenchmarkTest01030,"[22, 23, 36, 73]",high
BenchmarkTest01029,"[22, 23, 36, 73]",high
BenchmarkTest01028,"[22, 23, 36, 73]",high
BenchmarkTest01025,"[22, 23, 36, 73]",high
BenchmarkTest00958,"[22, 23, 36, 73]",high
BenchmarkTest00957,"[22, 23, 36, 73]",high
BenchmarkTest00956,"[22, 23, 36, 73]",high
BenchmarkTest00953,"[22, 23, 36, 73]",high
BenchmarkTest00954,"[22, 23, 36, 73]",high
BenchmarkTest00952,"[22, 23, 36, 73]",high
BenchmarkTest00950,"[22, 23, 36, 73]",high
BenchmarkTest00949,"[22, 23, 36, 73]",high
BenchmarkTest00786,"[22, 23, 36, 73]",high
BenchmarkTest00788,"[22, 23, 36, 73]",high
BenchmarkTest00785,"[22, 23, 36, 73]",high
BenchmarkTest00787,"[22, 23, 36, 73]",high
BenchmarkTest00783,"[22, 23, 36, 73]",high
BenchmarkTest00784,"[22, 23, 36, 73]",high
BenchmarkTest00700,"[22, 23, 36, 73]",high
BenchmarkTest00699,"[22, 23, 36, 73]",high
BenchmarkTest00698,"[22, 23, 36, 73]",high
BenchmarkTest00696,"[22, 23, 36, 73]",high
BenchmarkTest00697,"[22, 23, 36, 73]",high
BenchmarkTest00626,"[22, 23, 36, 73]",high
BenchmarkTest00629,"[22, 23, 36, 73]",high
BenchmarkTest00627,"[22, 23, 36, 73]",high
BenchmarkTest00624,"[22, 23, 36, 73]",high
BenchmarkTest00619,"[22, 23, 36, 73]",high
BenchmarkTest00622,"[22, 23, 36, 73]",high
BenchmarkTest00623,"[22, 23, 36, 73]",high
BenchmarkTest00620,"[22, 23, 36, 73]",high
BenchmarkTest00528,"[22, 23, 36, 73]",high
BenchmarkTest00529,"[22, 23, 36, 73]",high
BenchmarkTest00525,"[22, 23, 36, 73]",high
BenchmarkTest00527,"[22, 23, 36, 73]",high
BenchmarkTest00526,"[22, 23, 36, 73]",high
BenchmarkTest00457,"[22, 23, 36, 73]",high
BenchmarkTest00456,"[22, 23, 36, 73]",high
BenchmarkTest00459,"[22, 23, 36, 73]",high
BenchmarkTest00458,"[22, 23, 36, 73]",high
BenchmarkTest00455,"[22, 23, 36, 73]",high
BenchmarkTest00453,"[22, 23, 36, 73]",high
BenchmarkTest00452,"[22, 23, 36, 73]",high
BenchmarkTest00364,"[22, 23, 36, 73]",high
BenchmarkTest00365,"[22, 23, 36, 73]",high
BenchmarkTest00366,"[22, 23, 36, 73]",high
BenchmarkTest00363,"[22, 23, 36, 73]",high
BenchmarkTest00361,"[22, 23, 36, 73]",high
BenchmarkTest00362,"[22, 23, 36, 73]",high
BenchmarkTest00360,"[22, 23, 36, 73]",high
BenchmarkTest00359,"[22, 23, 36, 73]",high
BenchmarkTest00265,"[22, 23, 36, 73]",high
BenchmarkTest00264,"[22, 23, 36, 73]",high
BenchmarkTest00263,"[22, 23, 36, 73]",high
BenchmarkTest00262,"[22, 23, 36, 73]",high
BenchmarkTest00222,"[22, 23, 36, 73]",high
BenchmarkTest00218,"[22, 23, 36, 73]",high
BenchmarkTest00219,"[22, 23, 36, 73]",high
BenchmarkTest00216,"[22, 23, 36, 73]",high
BenchmarkTest00215,"[22, 23, 36, 73]",high
BenchmarkTest00137,"[22, 23, 36, 73]",high
BenchmarkTest00134,"[22, 23, 36, 73]",high
BenchmarkTest00136,"[22, 23, 36, 73]",high
BenchmarkTest00135,"[22, 23, 36, 73]",high
BenchmarkTest00133,"[22, 23, 36, 73]",high
BenchmarkTest00132,"[22, 23, 36, 73]",high
BenchmarkTest00131,"[22, 23, 36, 73]",high
BenchmarkTest00065,"[22, 23, 36, 73]",high
BenchmarkTest00062,"[22, 23, 36, 73]",high
BenchmarkTest00061,"[22, 23, 36, 73]",high
BenchmarkTest00060,"[22, 23, 36, 73]",high
BenchmarkTest00045,"[22, 23, 36, 73]",high
BenchmarkTest00040,"[22, 23, 36, 73]",high
BenchmarkTest00028,"[22, 23, 36, 73]",high
BenchmarkTest00011,"[22, 23, 36, 73]",high
BenchmarkTest00002,"[22, 23, 36, 73]",high
BenchmarkTest00001,"[22, 23, 36, 73]",high
BenchmarkTest02707,"[330, 338]",high
BenchmarkTest02708,"[330, 338]",high
BenchmarkTest02706,"[330, 338]",high
BenchmarkTest02705,"[330, 338]",high
BenchmarkTest02704,"[330, 338]",high
BenchmarkTest02703,"[330, 338]",high
BenchmarkTest02702,"[330, 338]",high
BenchmarkTest02701,"[330, 338]",high
BenchmarkTest02700,"[330, 338]",high
BenchmarkTest02602,"[330, 338]",high
BenchmarkTest02606,"[330, 338]",high
BenchmarkTest02605,"[330, 338]",high
BenchmarkTest02604,"[330, 338]",high
BenchmarkTest02603,"[330, 338]",high
BenchmarkTest02506,"[330, 338]",high
BenchmarkTest02505,"[330, 338]",high
BenchmarkTest02504,"[330, 338]",high
BenchmarkTest02503,"[330, 338]",high
BenchmarkTest02502,"[330, 338]",high
BenchmarkTest02501,"[330, 338]",high
BenchmarkTest02499,"[330, 338]",high
BenchmarkTest02498,"[330, 338]",high
BenchmarkTest02500,"[330, 338]",high
BenchmarkTest02497,"[330, 338]",high
BenchmarkTest02473,"[330, 338]",high
BenchmarkTest02426,"[330, 338]",high
BenchmarkTest02425,"[330, 338]",high
BenchmarkTest02424,"[330, 338]",high
BenchmarkTest02423,"[330, 338]",high
BenchmarkTest02422,"[330, 338]",high
BenchmarkTest02421,"[330, 338]",high
BenchmarkTest02420,"[330, 338]",high
BenchmarkTest02419,"[330, 338]",high
BenchmarkTest02415,"[330, 338]",high
BenchmarkTest02418,"[330, 338]",high
BenchmarkTest02416,"[330, 338]",high
BenchmarkTest02417,"[330, 338]",high
BenchmarkTest02338,"[330, 338]",high
BenchmarkTest02337,"[330, 338]",high
BenchmarkTest02246,"[330, 338]",high
BenchmarkTest02245,"[330, 338]",high
BenchmarkTest02209,"[330, 338]",high
BenchmarkTest02141,"[330, 338]",high
BenchmarkTest02140,"[330, 338]",high
BenchmarkTest02139,"[330, 338]",high
BenchmarkTest02138,"[330, 338]",high
BenchmarkTest02117,"[330, 338]",high
BenchmarkTest02060,"[330, 338]",high
BenchmarkTest02063,"[330, 338]",high
BenchmarkTest02062,"[330, 338]",high
BenchmarkTest02061,"[330, 338]",high
BenchmarkTest02040,"[330, 338]",high
BenchmarkTest02039,"[330, 338]",high
BenchmarkTest02038,"[330, 338]",high
BenchmarkTest02003,"[330, 338]",high
BenchmarkTest02004,"[330, 338]",high
BenchmarkTest02002,"[330, 338]",high
BenchmarkTest02001,"[330, 338]",high
BenchmarkTest01999,"[330, 338]",high
BenchmarkTest02000,"[330, 338]",high
BenchmarkTest01992,"[330, 338]",high
BenchmarkTest01932,"[330, 338]",high
BenchmarkTest01934,"[330, 338]",high
BenchmarkTest01933,"[330, 338]",high
BenchmarkTest01931,"[330, 338]",high
BenchmarkTest01930,"[330, 338]",high
BenchmarkTest01910,"[330, 338]",high
BenchmarkTest01860,"[330, 338]",high
BenchmarkTest01859,"[330, 338]",high
BenchmarkTest01858,"[330, 338]",high
BenchmarkTest01857,"[330, 338]",high
BenchmarkTest01856,"[330, 338]",high
BenchmarkTest01855,"[330, 338]",high
BenchmarkTest01854,"[330, 338]",high
BenchmarkTest01853,"[330, 338]",high
BenchmarkTest01843,"[330, 338]",high
BenchmarkTest01842,"[330, 338]",high
BenchmarkTest01788,"[330, 338]",high
BenchmarkTest01787,"[330, 338]",high
BenchmarkTest01786,"[330, 338]",high
BenchmarkTest01785,"[330, 338]",high
BenchmarkTest01784,"[330, 338]",high
BenchmarkTest01783,"[330, 338]",high
BenchmarkTest01782,"[330, 338]",high
BenchmarkTest01781,"[330, 338]",high
BenchmarkTest01681,"[330, 338]",high
BenchmarkTest01680,"[330, 338]",high
BenchmarkTest01679,"[330, 338]",high
BenchmarkTest01678,"[330, 338]",high
BenchmarkTest01677,"[330, 338]",high
BenchmarkTest01676,"[330, 338]",high
BenchmarkTest01675,"[330, 338]",high
BenchmarkTest01648,"[330, 338]",high
BenchmarkTest01603,"[330, 338]",high
BenchmarkTest01602,"[330, 338]",high
BenchmarkTest01575,"[330, 338]",high
BenchmarkTest01519,"[330, 338]",high
BenchmarkTest01520,"[330, 338]",high
BenchmarkTest01518,"[330, 338]",high
BenchmarkTest01502,"[330, 338]",high
BenchmarkTest01435,"[330, 338]",high
BenchmarkTest01434,"[330, 338]",high
BenchmarkTest01433,"[330, 338]",high
BenchmarkTest01432,"[330, 338]",high
BenchmarkTest01431,"[330, 338]",high
BenchmarkTest01358,"[330, 338]",high
BenchmarkTest01357,"[330, 338]",high
BenchmarkTest01356,"[330, 338]",high
BenchmarkTest01355,"[330, 338]",high
BenchmarkTest01354,"[330, 338]",high
BenchmarkTest01279,"[330, 338]",high
BenchmarkTest01277,"[330, 338]",high
BenchmarkTest01278,"[330, 338]",high
BenchmarkTest01276,"[330, 338]",high
BenchmarkTest01275,"[330, 338]",high
BenchmarkTest01272,"[330, 338]",high
BenchmarkTest01274,"[330, 338]",high
BenchmarkTest01273,"[330, 338]",high
BenchmarkTest01271,"[330, 338]",high
BenchmarkTest01184,"[330, 338]",high
BenchmarkTest01183,"[330, 338]",high
BenchmarkTest01162,"[330, 338]",high
BenchmarkTest01163,"[330, 338]",high
BenchmarkTest01133,"[330, 338]",high
BenchmarkTest01132,"[330, 338]",high
BenchmarkTest01131,"[330, 338]",high
BenchmarkTest01130,"[330, 338]",high
BenchmarkTest01129,"[330, 338]",high
BenchmarkTest01128,"[330, 338]",high
BenchmarkTest01127,"[330, 338]",high
BenchmarkTest01119,"[330, 338]",high
BenchmarkTest01060,"[330, 338]",high
BenchmarkTest01059,"[330, 338]",high
BenchmarkTest01058,"[330, 338]",high
BenchmarkTest00976,"[330, 338]",high
BenchmarkTest00975,"[330, 338]",high
BenchmarkTest00974,"[330, 338]",high
BenchmarkTest00973,"[330, 338]",high
BenchmarkTest00972,"[330, 338]",high
BenchmarkTest00971,"[330, 338]",high
BenchmarkTest00960,"[330, 338]",high
BenchmarkTest00902,"[330, 338]",high
BenchmarkTest00901,"[330, 338]",high
BenchmarkTest00900,"[330, 338]",high
BenchmarkTest00899,"[330, 338]",high
BenchmarkTest00898,"[330, 338]",high
BenchmarkTest00819,"[330, 338]",high
BenchmarkTest00817,"[330, 338]",high
BenchmarkTest00818,"[330, 338]",high
BenchmarkTest00735,"[330, 338]",high
BenchmarkTest00734,"[330, 338]",high
BenchmarkTest00733,"[330, 338]",high
BenchmarkTest00702,"[330, 338]",high
BenchmarkTest00654,"[330, 338]",high
BenchmarkTest00652,"[330, 338]",high
BenchmarkTest00653,"[330, 338]",high
BenchmarkTest00561,"[330, 338]",high
BenchmarkTest00563,"[330, 338]",high
BenchmarkTest00564,"[330, 338]",high
BenchmarkTest00562,"[330, 338]",high
BenchmarkTest00560,"[330, 338]",high
BenchmarkTest00490,"[330, 338]",high
BenchmarkTest00488,"[330, 338]",high
BenchmarkTest00489,"[330, 338]",high
BenchmarkTest00487,"[330, 338]",high
BenchmarkTest00486,"[330, 338]",high
BenchmarkTest00485,"[330, 338]",high
BenchmarkTest00484,"[330, 338]",high
BenchmarkTest00483,"[330, 338]",high
BenchmarkTest00482,"[330, 338]",high
BenchmarkTest00461,"[330, 338]",high
BenchmarkTest00402,"[330, 338]",high
BenchmarkTest00398,"[330, 338]",high
BenchmarkTest00401,"[330, 338]",high
BenchmarkTest00400,"[330, 338]",high
BenchmarkTest00399,"[330, 338]",high
BenchmarkTest00397,"[330, 338]",high
BenchmarkTest00369,"[330, 338]",high
BenchmarkTest00368,"[330, 338]",high
BenchmarkTest00347,"[330, 338]",high
BenchmarkTest00297,"[330, 338]",high
BenchmarkTest00298,"[330, 338]",high
BenchmarkTest00299,"[330, 338]",high
BenchmarkTest00296,"[330, 338]",high
BenchmarkTest00240,"[330, 338]",high
BenchmarkTest00239,"[330, 338]",high
BenchmarkTest00238,"[330, 338]",high
BenchmarkTest00236,"[330, 338]",high
BenchmarkTest00237,"[330, 338]",high
BenchmarkTest00234,"[330, 338]",high
BenchmarkTest00235,"[330, 338]",high
BenchmarkTest00232,"[330, 338]",high
BenchmarkTest00231,"[330, 338]",high
BenchmarkTest00233,"[330, 338]",high
BenchmarkTest00230,"[330, 338]",high
BenchmarkTest00166,"[330, 338]",high
BenchmarkTest00167,"[330, 338]",high
BenchmarkTest00164,"[330, 338]",high
BenchmarkTest00168,"[330, 338]",high
BenchmarkTest00165,"[330, 338]",high
BenchmarkTest00163,"[330, 338]",high
BenchmarkTest00160,"[330, 338]",high
BenchmarkTest00161,"[330, 338]",high
BenchmarkTest00162,"[330, 338]",high
BenchmarkTest00140,"[330, 338]",high
BenchmarkTest00085,"[330, 338]",high
BenchmarkTest00086,"[330, 338]",high
BenchmarkTest00083,"[330, 338]",high
BenchmarkTest00084,"[330, 338]",high
BenchmarkTest00082,"[330, 338]",high
BenchmarkTest00079,"[330, 338]",high
BenchmarkTest00081,"[330, 338]",high
BenchmarkTest00080,"[330, 338]",high
BenchmarkTest00078,"[330, 338]",high
BenchmarkTest00067,"[330, 338]",high
BenchmarkTest00066,"[330, 338]",high
BenchmarkTest00068,"[330, 338]",high
BenchmarkTest00023,"[330, 338]",high
BenchmarkTest02663,"[327, 328]",high
BenchmarkTest02663,"[327, 328]",high
BenchmarkTest02661,"[327, 328]",high
BenchmarkTest02661,"[327, 328]",high
BenchmarkTest02660,"[327, 328]",high
BenchmarkTest02660,"[327, 328]",high
BenchmarkTest02658,"[327, 328]",high
BenchmarkTest02658,"[327, 328]",high
BenchmarkTest02552,"[327, 328]",high
BenchmarkTest02550,"[327, 328]",high
BenchmarkTest02550,"[327, 328]",high
BenchmarkTest02549,"[327, 328]",high
BenchmarkTest02549,"[327, 328]",high
BenchmarkTest02548,"[327, 328]",high
BenchmarkTest02548,"[327, 328]",high
BenchmarkTest02458,"[327, 328]",high
BenchmarkTest02458,"[327, 328]",high
BenchmarkTest02375,"[327, 328]",high
BenchmarkTest02375,"[327, 328]",high
BenchmarkTest02374,"[327, 328]",high
BenchmarkTest02374,"[327, 328]",high
BenchmarkTest02373,"[327, 328]",high
BenchmarkTest02373,"[327, 328]",high
BenchmarkTest02298,"[327, 328]",high
BenchmarkTest02297,"[327, 328]",high
BenchmarkTest02296,"[327, 328]",high
BenchmarkTest02294,"[327, 328]",high
BenchmarkTest02294,"[327, 328]",high
BenchmarkTest02295,"[327, 328]",high
BenchmarkTest02295,"[327, 328]",high
BenchmarkTest02293,"[327, 328]",high
BenchmarkTest02293,"[327, 328]",high
BenchmarkTest02292,"[327, 328]",high
BenchmarkTest02292,"[327, 328]",high
BenchmarkTest02290,"[327, 328]",high
BenchmarkTest02291,"[327, 328]",high
BenchmarkTest02290,"[327, 328]",high
BenchmarkTest02291,"[327, 328]",high
BenchmarkTest02195,"[327, 328]",high
BenchmarkTest02195,"[327, 328]",high
BenchmarkTest02194,"[327, 328]",high
BenchmarkTest02194,"[327, 328]",high
BenchmarkTest02193,"[327, 328]",high
BenchmarkTest02192,"[327, 328]",high
BenchmarkTest02193,"[327, 328]",high
BenchmarkTest02192,"[327, 328]",high
BenchmarkTest02103,"[327, 328]",high
BenchmarkTest02101,"[327, 328]",high
BenchmarkTest02101,"[327, 328]",high
BenchmarkTest02024,"[327, 328]",high
BenchmarkTest02023,"[327, 328]",high
BenchmarkTest02023,"[327, 328]",high
BenchmarkTest02022,"[327, 328]",high
BenchmarkTest02022,"[327, 328]",high
BenchmarkTest02020,"[327, 328]",high
BenchmarkTest02019,"[327, 328]",high
BenchmarkTest02020,"[327, 328]",high
BenchmarkTest02019,"[327, 328]",high
BenchmarkTest02018,"[327, 328]",high
BenchmarkTest02018,"[327, 328]",high
BenchmarkTest02017,"[327, 328]",high
BenchmarkTest02017,"[327, 328]",high
BenchmarkTest01982,"[327, 328]",high
BenchmarkTest01981,"[327, 328]",high
BenchmarkTest01981,"[327, 328]",high
BenchmarkTest01980,"[327, 328]",high
BenchmarkTest01980,"[327, 328]",high
BenchmarkTest01978,"[327, 328]",high
BenchmarkTest01978,"[327, 328]",high
BenchmarkTest01901,"[327, 328]",high
BenchmarkTest01900,"[327, 328]",high
BenchmarkTest01900,"[327, 328]",high
BenchmarkTest01898,"[327, 328]",high
BenchmarkTest01898,"[327, 328]",high
BenchmarkTest01897,"[327, 328]",high
BenchmarkTest01897,"[327, 328]",high
BenchmarkTest01895,"[327, 328]",high
BenchmarkTest01895,"[327, 328]",high
BenchmarkTest01829,"[327, 328]",high
BenchmarkTest01829,"[327, 328]",high
BenchmarkTest01830,"[327, 328]",high
BenchmarkTest01830,"[327, 328]",high
BenchmarkTest01823,"[327, 328]",high
BenchmarkTest01823,"[327, 328]",high
BenchmarkTest01822,"[327, 328]",high
BenchmarkTest01822,"[327, 328]",high
BenchmarkTest01742,"[327, 328]",high
BenchmarkTest01742,"[327, 328]",high
BenchmarkTest01741,"[327, 328]",high
BenchmarkTest01741,"[327, 328]",high
BenchmarkTest01740,"[327, 328]",high
BenchmarkTest01740,"[327, 328]",high
BenchmarkTest01641,"[327, 328]",high
BenchmarkTest01641,"[327, 328]",high
BenchmarkTest01639,"[327, 328]",high
BenchmarkTest01639,"[327, 328]",high
BenchmarkTest01638,"[327, 328]",high
BenchmarkTest01638,"[327, 328]",high
BenchmarkTest01637,"[327, 328]",high
BenchmarkTest01637,"[327, 328]",high
BenchmarkTest01634,"[327, 328]",high
BenchmarkTest01634,"[327, 328]",high
BenchmarkTest01566,"[327, 328]",high
BenchmarkTest01566,"[327, 328]",high
BenchmarkTest01567,"[327, 328]",high
BenchmarkTest01565,"[327, 328]",high
BenchmarkTest01565,"[327, 328]",high
BenchmarkTest01489,"[327, 328]",high
BenchmarkTest01489,"[327, 328]",high
BenchmarkTest01484,"[327, 328]",high
BenchmarkTest01484,"[327, 328]",high
BenchmarkTest01486,"[327, 328]",high
BenchmarkTest01486,"[327, 328]",high
BenchmarkTest01483,"[327, 328]",high
BenchmarkTest01483,"[327, 328]",high
BenchmarkTest01480,"[327, 328]",high
BenchmarkTest01480,"[327, 328]",high
BenchmarkTest01401,"[327, 328]",high
BenchmarkTest01398,"[327, 328]",high
BenchmarkTest01398,"[327, 328]",high
BenchmarkTest01325,"[327, 328]",high
BenchmarkTest01325,"[327, 328]",high
BenchmarkTest01323,"[327, 328]",high
BenchmarkTest01323,"[327, 328]",high
BenchmarkTest01322,"[327, 328]",high
BenchmarkTest01322,"[327, 328]",high
BenchmarkTest01320,"[327, 328]",high
BenchmarkTest01320,"[327, 328]",high
BenchmarkTest01318,"[327, 328]",high
BenchmarkTest01318,"[327, 328]",high
BenchmarkTest01317,"[327, 328]",high
BenchmarkTest01317,"[327, 328]",high
BenchmarkTest01228,"[327, 328]",high
BenchmarkTest01228,"[327, 328]",high
BenchmarkTest01230,"[327, 328]",high
BenchmarkTest01230,"[327, 328]",high
BenchmarkTest01229,"[327, 328]",high
BenchmarkTest01229,"[327, 328]",high
BenchmarkTest01153,"[327, 328]",high
BenchmarkTest01150,"[327, 328]",high
BenchmarkTest01150,"[327, 328]",high
BenchmarkTest01149,"[327, 328]",high
BenchmarkTest01149,"[327, 328]",high
BenchmarkTest01148,"[327, 328]",high
BenchmarkTest01148,"[327, 328]",high
BenchmarkTest01108,"[327, 328]",high
BenchmarkTest01107,"[327, 328]",high
BenchmarkTest01107,"[327, 328]",high
BenchmarkTest01105,"[327, 328]",high
BenchmarkTest01106,"[327, 328]",high
BenchmarkTest01106,"[327, 328]",high
BenchmarkTest01105,"[327, 328]",high
BenchmarkTest01103,"[327, 328]",high
BenchmarkTest01103,"[327, 328]",high
BenchmarkTest01102,"[327, 328]",high
BenchmarkTest01102,"[327, 328]",high
BenchmarkTest01099,"[327, 328]",high
BenchmarkTest01099,"[327, 328]",high
BenchmarkTest01022,"[327, 328]",high
BenchmarkTest01021,"[327, 328]",high
BenchmarkTest01020,"[327, 328]",high
BenchmarkTest01020,"[327, 328]",high
BenchmarkTest01018,"[327, 328]",high
BenchmarkTest01018,"[327, 328]",high
BenchmarkTest01017,"[327, 328]",high
BenchmarkTest01017,"[327, 328]",high
BenchmarkTest01016,"[327, 328]",high
BenchmarkTest01016,"[327, 328]",high
BenchmarkTest01015,"[327, 328]",high
BenchmarkTest01015,"[327, 328]",high
BenchmarkTest00946,"[327, 328]",high
BenchmarkTest00946,"[327, 328]",high
BenchmarkTest00945,"[327, 328]",high
BenchmarkTest00945,"[327, 328]",high
BenchmarkTest00859,"[327, 328]",high
BenchmarkTest00859,"[327, 328]",high
BenchmarkTest00856,"[327, 328]",high
BenchmarkTest00856,"[327, 328]",high
BenchmarkTest00855,"[327, 328]",high
BenchmarkTest00855,"[327, 328]",high
BenchmarkTest00857,"[327, 328]",high
BenchmarkTest00857,"[327, 328]",high
BenchmarkTest00853,"[327, 328]",high
BenchmarkTest00853,"[327, 328]",high
BenchmarkTest00781,"[327, 328]",high
BenchmarkTest00781,"[327, 328]",high
BenchmarkTest00779,"[327, 328]",high
BenchmarkTest00779,"[327, 328]",high
BenchmarkTest00691,"[327, 328]",high
BenchmarkTest00691,"[327, 328]",high
BenchmarkTest00693,"[327, 328]",high
BenchmarkTest00693,"[327, 328]",high
BenchmarkTest00692,"[327, 328]",high
BenchmarkTest00692,"[327, 328]",high
BenchmarkTest00688,"[327, 328]",high
BenchmarkTest00688,"[327, 328]",high
BenchmarkTest00685,"[327, 328]",high
BenchmarkTest00685,"[327, 328]",high
BenchmarkTest00684,"[327, 328]",high
BenchmarkTest00684,"[327, 328]",high
BenchmarkTest00618,"[327, 328]",high
BenchmarkTest00615,"[327, 328]",high
BenchmarkTest00615,"[327, 328]",high
BenchmarkTest00617,"[327, 328]",high
BenchmarkTest00617,"[327, 328]",high
BenchmarkTest00614,"[327, 328]",high
BenchmarkTest00614,"[327, 328]",high
BenchmarkTest00616,"[327, 328]",high
BenchmarkTest00616,"[327, 328]",high
BenchmarkTest00608,"[327, 328]",high
BenchmarkTest00608,"[327, 328]",high
BenchmarkTest00610,"[327, 328]",high
BenchmarkTest00610,"[327, 328]",high
BenchmarkTest00611,"[327, 328]",high
BenchmarkTest00611,"[327, 328]",high
BenchmarkTest00609,"[327, 328]",high
BenchmarkTest00609,"[327, 328]",high
BenchmarkTest00524,"[327, 328]",high
BenchmarkTest00522,"[327, 328]",high
BenchmarkTest00522,"[327, 328]",high
BenchmarkTest00521,"[327, 328]",high
BenchmarkTest00521,"[327, 328]",high
BenchmarkTest00450,"[327, 328]",high
BenchmarkTest00451,"[327, 328]",high
BenchmarkTest00449,"[327, 328]",high
BenchmarkTest00449,"[327, 328]",high
BenchmarkTest00448,"[327, 328]",high
BenchmarkTest00448,"[327, 328]",high
BenchmarkTest00445,"[327, 328]",high
BenchmarkTest00445,"[327, 328]",high
BenchmarkTest00446,"[327, 328]",high
BenchmarkTest00446,"[327, 328]",high
BenchmarkTest00358,"[327, 328]",high
BenchmarkTest00355,"[327, 328]",high
BenchmarkTest00355,"[327, 328]",high
BenchmarkTest00357,"[327, 328]",high
BenchmarkTest00356,"[327, 328]",high
BenchmarkTest00356,"[327, 328]",high
BenchmarkTest00354,"[327, 328]",high
BenchmarkTest00354,"[327, 328]",high
BenchmarkTest00257,"[327, 328]",high
BenchmarkTest00257,"[327, 328]",high
BenchmarkTest00256,"[327, 328]",high
BenchmarkTest00256,"[327, 328]",high
BenchmarkTest00258,"[327, 328]",high
BenchmarkTest00258,"[327, 328]",high
BenchmarkTest00254,"[327, 328]",high
BenchmarkTest00254,"[327, 328]",high
BenchmarkTest00214,"[327, 328]",high
BenchmarkTest00213,"[327, 328]",high
BenchmarkTest00210,"[327, 328]",high
BenchmarkTest00210,"[327, 328]",high
BenchmarkTest00208,"[327, 328]",high
BenchmarkTest00208,"[327, 328]",high
BenchmarkTest00130,"[327, 328]",high
BenchmarkTest00127,"[327, 328]",high
BenchmarkTest00129,"[327, 328]",high
BenchmarkTest00128,"[327, 328]",high
BenchmarkTest00125,"[327, 328]",high
BenchmarkTest00125,"[327, 328]",high
BenchmarkTest00124,"[327, 328]",high
BenchmarkTest00124,"[327, 328]",high
BenchmarkTest00123,"[327, 328]",high
BenchmarkTest00123,"[327, 328]",high
BenchmarkTest00119,"[327, 328]",high
BenchmarkTest00119,"[327, 328]",high
BenchmarkTest00120,"[327, 328]",high
BenchmarkTest00120,"[327, 328]",high
BenchmarkTest00056,"[327, 328]",high
BenchmarkTest00056,"[327, 328]",high
BenchmarkTest00059,"[327, 328]",high
BenchmarkTest00057,"[327, 328]",high
BenchmarkTest00057,"[327, 328]",high
BenchmarkTest00053,"[327, 328]",high
BenchmarkTest00055,"[327, 328]",high
BenchmarkTest00055,"[327, 328]",high
BenchmarkTest00053,"[327, 328]",high
BenchmarkTest00050,"[327, 328]",high
BenchmarkTest00050,"[327, 328]",high
BenchmarkTest00035,"[327, 328]",high
BenchmarkTest00035,"[327, 328]",high
BenchmarkTest00020,"[327, 328]",high
BenchmarkTest00020,"[327, 328]",high
BenchmarkTest00019,"[327, 328]",high
BenchmarkTest00019,"[327, 328]",high
BenchmarkTest00005,"[327, 328]",high
BenchmarkTest00005,"[327, 328]",high
BenchmarkTest02740,"[327, 328]",high
BenchmarkTest02739,"[327, 328]",high
BenchmarkTest02738,"[327, 328]",high
BenchmarkTest02737,"[327, 328]",high
BenchmarkTest02736,"[327, 328]",high
BenchmarkTest02735,"[327, 328]",high
BenchmarkTest02734,"[327, 328]",high
BenchmarkTest02733,"[327, 328]",high
BenchmarkTest02732,"[327, 328]",high
BenchmarkTest02730,"[327, 328]",high
BenchmarkTest02729,"[327, 328]",high
BenchmarkTest02728,"[327, 328]",high
BenchmarkTest00055,"[327, 328]",high
BenchmarkTest00055,"[327, 328]",high
BenchmarkTest00053,"[327, 328]",high
BenchmarkTest00050,"[327, 328]",high
BenchmarkTest00050,"[327, 328]",high
BenchmarkTest00035,"[327, 328]",high
BenchmarkTest00035,"[327, 328]",high
BenchmarkTest00020,"[327, 328]",high
BenchmarkTest00020,"[327, 328]",high
BenchmarkTest00019,"[327, 328]",high
BenchmarkTest00019,"[327, 328]",high
BenchmarkTest00005,"[327, 328]",high
BenchmarkTest00005,"[327, 328]",high
BenchmarkTest02740,"[89, 564]",high
BenchmarkTest02739,"[89, 564]",high
BenchmarkTest02738,"[89, 564]",high
BenchmarkTest02737,"[89, 564]",high
BenchmarkTest02736,"[89, 564]",high
BenchmarkTest02735,"[89, 564]",high
BenchmarkTest02734,"[89, 564]",high
BenchmarkTest02733,"[89, 564]",high
BenchmarkTest02732,"[89, 564]",high
BenchmarkTest02730,"[89, 564]",high
BenchmarkTest02729,"[89, 564]",high
BenchmarkTest02728,"[89, 564]",high
BenchmarkTest02727,"[89, 564]",high
BenchmarkTest02657,"[89, 564]",high
BenchmarkTest02652,"[89, 564]",high
BenchmarkTest02639,"[89, 564]",high
BenchmarkTest02637,"[89, 564]",high
BenchmarkTest02633,"[89, 564]",high
BenchmarkTest02631,"[89, 564]",high
BenchmarkTest02541,"[89, 564]",high
BenchmarkTest02539,"[89, 564]",high
BenchmarkTest02538,"[89, 564]",high
BenchmarkTest02456,"[89, 564]",high
BenchmarkTest02452,"[89, 564]",high
BenchmarkTest02450,"[89, 564]",high
BenchmarkTest02368,"[89, 564]",high
BenchmarkTest02367,"[89, 564]",high
BenchmarkTest02366,"[89, 564]",high
BenchmarkTest02361,"[89, 564]",high
BenchmarkTest02353,"[89, 564]",high
BenchmarkTest02285,"[89, 564]",high
BenchmarkTest02279,"[89, 564]",high
BenchmarkTest02276,"[89, 564]",high
BenchmarkTest02271,"[89, 564]",high
BenchmarkTest02188,"[89, 564]",high
BenchmarkTest02183,"[89, 564]",high
BenchmarkTest02176,"[89, 564]",high
BenchmarkTest02172,"[89, 564]",high
BenchmarkTest02089,"[89, 564]",high
BenchmarkTest01969,"[89, 564]",high
BenchmarkTest01966,"[89, 564]",high
BenchmarkTest01965,"[89, 564]",high
BenchmarkTest01961,"[89, 564]",high
BenchmarkTest01886,"[89, 564]",high
BenchmarkTest01878,"[89, 564]",high
BenchmarkTest01820,"[89, 564]",high
BenchmarkTest01818,"[89, 564]",high
BenchmarkTest01819,"[89, 564]",high
BenchmarkTest01817,"[89, 564]",high
BenchmarkTest01816,"[89, 564]",high
BenchmarkTest01815,"[89, 564]",high
BenchmarkTest01814,"[89, 564]",high
BenchmarkTest01813,"[89, 564]",high
BenchmarkTest01812,"[89, 564]",high
BenchmarkTest01811,"[89, 564]",high
BenchmarkTest01810,"[89, 564]",high
BenchmarkTest01809,"[89, 564]",high
BenchmarkTest01808,"[89, 564]",high
BenchmarkTest01805,"[89, 564]",high
BenchmarkTest01804,"[89, 564]",high
BenchmarkTest01732,"[89, 564]",high
BenchmarkTest01629,"[89, 564]",high
BenchmarkTest01469,"[89, 564]",high
BenchmarkTest01472,"[89, 564]",high
BenchmarkTest01468,"[89, 564]",high
BenchmarkTest01393,"[89, 564]",high
BenchmarkTest01392,"[89, 564]",high
BenchmarkTest01387,"[89, 564]",high
BenchmarkTest01315,"[89, 564]",high
BenchmarkTest01309,"[89, 564]",high
BenchmarkTest01307,"[89, 564]",high
BenchmarkTest01305,"[89, 564]",high
BenchmarkTest01220,"[89, 564]",high
BenchmarkTest01218,"[89, 564]",high
BenchmarkTest01217,"[89, 564]",high
BenchmarkTest01213,"[89, 564]",high
BenchmarkTest01095,"[89, 564]",high
BenchmarkTest01092,"[89, 564]",high
BenchmarkTest01086,"[89, 564]",high
BenchmarkTest01001,"[89, 564]",high
BenchmarkTest00940,"[89, 564]",high
BenchmarkTest00931,"[89, 564]",high
BenchmarkTest00939,"[89, 564]",high
BenchmarkTest00938,"[89, 564]",high
BenchmarkTest00937,"[89, 564]",high
BenchmarkTest00935,"[89, 564]",high
BenchmarkTest00934,"[89, 564]",high
BenchmarkTest00932,"[89, 564]",high
BenchmarkTest00933,"[89, 564]",high
BenchmarkTest00927,"[89, 564]",high
BenchmarkTest00926,"[89, 564]",high
BenchmarkTest00929,"[89, 564]",high
BenchmarkTest00928,"[89, 564]",high
BenchmarkTest00925,"[89, 564]",high
BenchmarkTest00851,"[89, 564]",high
BenchmarkTest00766,"[89, 564]",high
BenchmarkTest00674,"[89, 564]",high
BenchmarkTest00676,"[89, 564]",high
BenchmarkTest00675,"[89, 564]",high
BenchmarkTest00605,"[89, 564]",high
BenchmarkTest00601,"[89, 564]",high
BenchmarkTest00592,"[89, 564]",high
BenchmarkTest00517,"[89, 564]",high
BenchmarkTest00514,"[89, 564]",high
BenchmarkTest00437,"[89, 564]",high
BenchmarkTest00436,"[89, 564]",high
BenchmarkTest00430,"[89, 564]",high
BenchmarkTest00344,"[89, 564]",high
BenchmarkTest00343,"[89, 564]",high
BenchmarkTest00338,"[89, 564]",high
BenchmarkTest00332,"[89, 564]",high
BenchmarkTest00336,"[89, 564]",high
BenchmarkTest00334,"[89, 564]",high
BenchmarkTest00333,"[89, 564]",high
BenchmarkTest00206,"[89, 564]",high
BenchmarkTest00202,"[89, 564]",high
BenchmarkTest00110,"[89, 564]",high
BenchmarkTest00114,"[89, 564]",high
BenchmarkTest00107,"[89, 564]",high
BenchmarkTest00105,"[89, 564]",high
BenchmarkTest02624,[501],high
BenchmarkTest02623,[501],high
BenchmarkTest02622,[501],high
BenchmarkTest02527,[501],high
BenchmarkTest02526,[501],high
BenchmarkTest02525,[501],high
BenchmarkTest02524,[501],high
BenchmarkTest02523,[501],high
BenchmarkTest02448,[501],high
BenchmarkTest02446,[501],high
BenchmarkTest02352,[501],high
BenchmarkTest02263,[501],high
BenchmarkTest02262,[501],high
BenchmarkTest02261,[501],high
BenchmarkTest02168,[501],high
BenchmarkTest02167,[501],high
BenchmarkTest02166,[501],high
BenchmarkTest02165,[501],high
BenchmarkTest02086,[501],high
BenchmarkTest02085,[501],high
BenchmarkTest02084,[501],high
BenchmarkTest02016,[501],high
BenchmarkTest02015,[501],high
BenchmarkTest01960,[501],high
BenchmarkTest01959,[501],high
BenchmarkTest01958,[501],high
BenchmarkTest01957,[501],high
BenchmarkTest01955,[501],high
BenchmarkTest01876,[501],high
BenchmarkTest01875,[501],high
BenchmarkTest01874,[501],high
BenchmarkTest01873,[501],high
BenchmarkTest01872,[501],high
BenchmarkTest01711,[501],high
BenchmarkTest01710,[501],high
BenchmarkTest01709,[501],high
BenchmarkTest01708,[501],high
BenchmarkTest01619,[501],high
BenchmarkTest01615,[501],high
BenchmarkTest01618,[501],high
BenchmarkTest01617,[501],high
BenchmarkTest01616,[501],high
BenchmarkTest01551,[501],high
BenchmarkTest01550,[501],high
BenchmarkTest01549,[501],high
BenchmarkTest01548,[501],high
BenchmarkTest01547,[501],high
BenchmarkTest01546,[501],high
BenchmarkTest01458,[501],high
BenchmarkTest01457,[501],high
BenchmarkTest01456,[501],high
BenchmarkTest01455,[501],high
BenchmarkTest01377,[501],high
BenchmarkTest01376,[501],high
BenchmarkTest01375,[501],high
BenchmarkTest01374,[501],high
BenchmarkTest01300,[501],high
BenchmarkTest01299,[501],high
BenchmarkTest01203,[501],high
BenchmarkTest01207,[501],high
BenchmarkTest01206,[501],high
BenchmarkTest01204,[501],high
BenchmarkTest01146,[501],high
BenchmarkTest01144,[501],high
BenchmarkTest01143,[501],high
BenchmarkTest01082,[501],high
BenchmarkTest01081,[501],high
BenchmarkTest01080,[501],high
BenchmarkTest00995,[501],high
BenchmarkTest00994,[501],high
BenchmarkTest00993,[501],high
BenchmarkTest00992,[501],high
BenchmarkTest00991,[501],high
BenchmarkTest00835,[501],high
BenchmarkTest00836,[501],high
BenchmarkTest00834,[501],high
BenchmarkTest00833,[501],high
BenchmarkTest00758,[501],high
BenchmarkTest00759,[501],high
BenchmarkTest00754,[501],high
BenchmarkTest00756,[501],high
BenchmarkTest00757,[501],high
BenchmarkTest00671,[501],high
BenchmarkTest00670,[501],high
BenchmarkTest00668,[501],high
BenchmarkTest00588,[501],high
BenchmarkTest00587,[501],high
BenchmarkTest00586,[501],high
BenchmarkTest00508,[501],high
BenchmarkTest00427,[501],high
BenchmarkTest00426,[501],high
BenchmarkTest00425,[501],high
BenchmarkTest00424,[501],high
BenchmarkTest00325,[501],high
BenchmarkTest00327,[501],high
BenchmarkTest00322,[501],high
BenchmarkTest00326,[501],high
BenchmarkTest00324,[501],high
BenchmarkTest00321,[501],high
BenchmarkTest00252,[501],high
BenchmarkTest00253,[501],high
BenchmarkTest00250,[501],high
BenchmarkTest00251,[501],high
BenchmarkTest00099,[501],high
BenchmarkTest00098,[501],high
BenchmarkTest00031,[501],high
BenchmarkTest00004,[501],high
BenchmarkTest02678,"[327, 328]",high
BenchmarkTest02677,"[327, 328]",high
BenchmarkTest02675,"[327, 328]",high
BenchmarkTest02674,"[327, 328]",high
BenchmarkTest02671,"[327, 328]",high
BenchmarkTest02671,"[327, 328]",high
BenchmarkTest02670,"[327, 328]",high
BenchmarkTest02670,"[327, 328]",high
BenchmarkTest02663,"[327, 328]",high
BenchmarkTest02577,"[327, 328]",high
BenchmarkTest02575,"[327, 328]",high
BenchmarkTest02574,"[327, 328]",high
BenchmarkTest02573,"[327, 328]",high
BenchmarkTest02552,"[327, 328]",high
BenchmarkTest02479,"[327, 328]",high
BenchmarkTest02478,"[327, 328]",high
BenchmarkTest02476,"[327, 328]",high
BenchmarkTest02475,"[327, 328]",high
BenchmarkTest02474,"[327, 328]",high
BenchmarkTest02393,"[327, 328]",high
BenchmarkTest02392,"[327, 328]",high
BenchmarkTest02391,"[327, 328]",high
BenchmarkTest02388,"[327, 328]",high
BenchmarkTest02387,"[327, 328]",high
BenchmarkTest02386,"[327, 328]",high
BenchmarkTest02385,"[327, 328]",high
BenchmarkTest02385,"[327, 328]",high
BenchmarkTest02375,"[327, 328]",high
BenchmarkTest02311,"[327, 328]",high
BenchmarkTest02308,"[327, 328]",high
BenchmarkTest02307,"[327, 328]",high
BenchmarkTest02307,"[327, 328]",high
BenchmarkTest02298,"[327, 328]",high
BenchmarkTest02297,"[327, 328]",high
BenchmarkTest02296,"[327, 328]",high
BenchmarkTest02220,"[327, 328]",high
BenchmarkTest02219,"[327, 328]",high
BenchmarkTest02217,"[327, 328]",high
BenchmarkTest02213,"[327, 328]",high
BenchmarkTest02212,"[327, 328]",high
BenchmarkTest02211,"[327, 328]",high
BenchmarkTest02121,"[327, 328]",high
BenchmarkTest02118,"[327, 328]",high
BenchmarkTest02118,"[327, 328]",high
BenchmarkTest02103,"[327, 328]",high
BenchmarkTest02044,"[327, 328]",high
BenchmarkTest02043,"[327, 328]",high
BenchmarkTest02042,"[327, 328]",high
BenchmarkTest02024,"[327, 328]",high
BenchmarkTest02023,"[327, 328]",high
BenchmarkTest02022,"[327, 328]",high
BenchmarkTest01997,"[327, 328]",high
BenchmarkTest01998,"[327, 328]",high
BenchmarkTest01996,"[327, 328]",high
BenchmarkTest01982,"[327, 328]",high
BenchmarkTest01981,"[327, 328]",high
BenchmarkTest01980,"[327, 328]",high
BenchmarkTest01911,"[327, 328]",high
BenchmarkTest01911,"[327, 328]",high
BenchmarkTest01901,"[327, 328]",high
BenchmarkTest01900,"[327, 328]",high
BenchmarkTest01846,"[327, 328]",high
BenchmarkTest01846,"[327, 328]",high
BenchmarkTest01845,"[327, 328]",high
BenchmarkTest01845,"[327, 328]",high
BenchmarkTest01844,"[327, 328]",high
BenchmarkTest01844,"[327, 328]",high
BenchmarkTest01829,"[327, 328]",high
BenchmarkTest01830,"[327, 328]",high
BenchmarkTest01766,"[327, 328]",high
BenchmarkTest01765,"[327, 328]",high
BenchmarkTest01761,"[327, 328]",high
BenchmarkTest01757,"[327, 328]",high
BenchmarkTest01757,"[327, 328]",high
BenchmarkTest01742,"[327, 328]",high
BenchmarkTest01741,"[327, 328]",high
BenchmarkTest01740,"[327, 328]",high
BenchmarkTest01656,"[327, 328]",high
BenchmarkTest01655,"[327, 328]",high
BenchmarkTest01654,"[327, 328]",high
BenchmarkTest01653,"[327, 328]",high
BenchmarkTest01651,"[327, 328]",high
BenchmarkTest01650,"[327, 328]",high
BenchmarkTest01649,"[327, 328]",high
BenchmarkTest01641,"[327, 328]",high
BenchmarkTest01582,"[327, 328]",high
BenchmarkTest01581,"[327, 328]",high
BenchmarkTest01580,"[327, 328]",high
BenchmarkTest01579,"[327, 328]",high
BenchmarkTest01577,"[327, 328]",high
BenchmarkTest01566,"[327, 328]",high
BenchmarkTest01567,"[327, 328]",high
BenchmarkTest01504,"[327, 328]",high
BenchmarkTest01503,"[327, 328]",high
BenchmarkTest01503,"[327, 328]",high
BenchmarkTest01489,"[327, 328]",high
BenchmarkTest01416,"[327, 328]",high
BenchmarkTest01415,"[327, 328]",high
BenchmarkTest01414,"[327, 328]",high
BenchmarkTest01411,"[327, 328]",high
BenchmarkTest01401,"[327, 328]",high
BenchmarkTest01334,"[327, 328]",high
BenchmarkTest01333,"[327, 328]",high
BenchmarkTest01325,"[327, 328]",high
BenchmarkTest01250,"[327, 328]",high
BenchmarkTest01249,"[327, 328]",high
BenchmarkTest01248,"[327, 328]",high
BenchmarkTest01247,"[327, 328]",high
BenchmarkTest01246,"[327, 328]",high
BenchmarkTest01244,"[327, 328]",high
BenchmarkTest01244,"[327, 328]",high
BenchmarkTest01230,"[327, 328]",high
BenchmarkTest01170,"[327, 328]",high
BenchmarkTest01169,"[327, 328]",high
BenchmarkTest01168,"[327, 328]",high
BenchmarkTest01166,"[327, 328]",high
BenchmarkTest01167,"[327, 328]",high
BenchmarkTest01165,"[327, 328]",high
BenchmarkTest01153,"[327, 328]",high
BenchmarkTest01126,"[327, 328]",high
BenchmarkTest01125,"[327, 328]",high
BenchmarkTest01124,"[327, 328]",high
BenchmarkTest01123,"[327, 328]",high
BenchmarkTest01108,"[327, 328]",high
BenchmarkTest01107,"[327, 328]",high
BenchmarkTest01106,"[327, 328]",high
BenchmarkTest01105,"[327, 328]",high
BenchmarkTest01045,"[327, 328]",high
BenchmarkTest01044,"[327, 328]",high
BenchmarkTest01043,"[327, 328]",high
BenchmarkTest01042,"[327, 328]",high
BenchmarkTest01041,"[327, 328]",high
BenchmarkTest01038,"[327, 328]",high
BenchmarkTest01022,"[327, 328]",high
BenchmarkTest01021,"[327, 328]",high
BenchmarkTest01020,"[327, 328]",high
BenchmarkTest00967,"[327, 328]",high
BenchmarkTest00966,"[327, 328]",high
BenchmarkTest00965,"[327, 328]",high
BenchmarkTest00964,"[327, 328]",high
BenchmarkTest00963,"[327, 328]",high
BenchmarkTest00961,"[327, 328]",high
BenchmarkTest00946,"[327, 328]",high
BenchmarkTest00945,"[327, 328]",high
BenchmarkTest00877,"[327, 328]",high
BenchmarkTest00878,"[327, 328]",high
BenchmarkTest00875,"[327, 328]",high
BenchmarkTest00876,"[327, 328]",high
BenchmarkTest00871,"[327, 328]",high
BenchmarkTest00868,"[327, 328]",high
BenchmarkTest00868,"[327, 328]",high
BenchmarkTest00872,"[327, 328]",high
BenchmarkTest00870,"[327, 328]",high
BenchmarkTest00869,"[327, 328]",high
BenchmarkTest00869,"[327, 328]",high
BenchmarkTest00859,"[327, 328]",high
BenchmarkTest00796,"[327, 328]",high
BenchmarkTest00798,"[327, 328]",high
BenchmarkTest00797,"[327, 328]",high
BenchmarkTest00794,"[327, 328]",high
BenchmarkTest00790,"[327, 328]",high
BenchmarkTest00789,"[327, 328]",high
BenchmarkTest00710,"[327, 328]",high
BenchmarkTest00705,"[327, 328]",high
BenchmarkTest00708,"[327, 328]",high
BenchmarkTest00703,"[327, 328]",high
BenchmarkTest00703,"[327, 328]",high
BenchmarkTest00704,"[327, 328]",high
BenchmarkTest00704,"[327, 328]",high
BenchmarkTest00640,"[327, 328]",high
BenchmarkTest00638,"[327, 328]",high
BenchmarkTest00641,"[327, 328]",high
BenchmarkTest00639,"[327, 328]",high
BenchmarkTest00637,"[327, 328]",high
BenchmarkTest00634,"[327, 328]",high
BenchmarkTest00636,"[327, 328]",high
BenchmarkTest00635,"[327, 328]",high
BenchmarkTest00631,"[327, 328]",high
BenchmarkTest00631,"[327, 328]",high
BenchmarkTest00618,"[327, 328]",high
BenchmarkTest00617,"[327, 328]",high
BenchmarkTest00616,"[327, 328]",high
BenchmarkTest00531,"[327, 328]",high
BenchmarkTest00531,"[327, 328]",high
BenchmarkTest00536,"[327, 328]",high
BenchmarkTest00540,"[327, 328]",high
BenchmarkTest00532,"[327, 328]",high
BenchmarkTest00537,"[327, 328]",high
BenchmarkTest00533,"[327, 328]",high
BenchmarkTest00534,"[327, 328]",high
BenchmarkTest00524,"[327, 328]",high
BenchmarkTest00466,"[327, 328]",high
BenchmarkTest00465,"[327, 328]",high
BenchmarkTest00464,"[327, 328]",high
BenchmarkTest00462,"[327, 328]",high
BenchmarkTest00462,"[327, 328]",high
BenchmarkTest00450,"[327, 328]",high
BenchmarkTest00451,"[327, 328]",high
BenchmarkTest00449,"[327, 328]",high
BenchmarkTest00448,"[327, 328]",high
BenchmarkTest00374,"[327, 328]",high
BenchmarkTest00371,"[327, 328]",high
BenchmarkTest00372,"[327, 328]",high
BenchmarkTest00358,"[327, 328]",high
BenchmarkTest00355,"[327, 328]",high
BenchmarkTest00357,"[327, 328]",high
BenchmarkTest00356,"[327, 328]",high
BenchmarkTest00354,"[327, 328]",high
BenchmarkTest00346,"[327, 328]",high
BenchmarkTest00346,"[327, 328]",high
BenchmarkTest00273,"[327, 328]",high
BenchmarkTest00274,"[327, 328]",high
BenchmarkTest00272,"[327, 328]",high
BenchmarkTest00269,"[327, 328]",high
BenchmarkTest00266,"[327, 328]",high
BenchmarkTest00266,"[327, 328]",high
BenchmarkTest00268,"[327, 328]",high
BenchmarkTest00267,"[327, 328]",high
BenchmarkTest00267,"[327, 328]",high
BenchmarkTest00228,"[327, 328]",high
BenchmarkTest00229,"[327, 328]",high
BenchmarkTest00227,"[327, 328]",high
BenchmarkTest00223,"[327, 328]",high
BenchmarkTest00223,"[327, 328]",high
BenchmarkTest00226,"[327, 328]",high
BenchmarkTest00214,"[327, 328]",high
BenchmarkTest00213,"[327, 328]",high
BenchmarkTest00143,"[327, 328]",high
BenchmarkTest00141,"[327, 328]",high
BenchmarkTest00141,"[327, 328]",high
BenchmarkTest00130,"[327, 328]",high
BenchmarkTest00127,"[327, 328]",high
BenchmarkTest00129,"[327, 328]",high
BenchmarkTest00128,"[327, 328]",high
BenchmarkTest00076,"[327, 328]",high
BenchmarkTest00075,"[327, 328]",high
BenchmarkTest00074,"[327, 328]",high
BenchmarkTest00071,"[327, 328]",high
BenchmarkTest00073,"[327, 328]",high
BenchmarkTest00070,"[327, 328]",high
BenchmarkTest00059,"[327, 328]",high
BenchmarkTest00046,"[327, 328]",high
BenchmarkTest00035,"[327, 328]",high
BenchmarkTest00029,"[327, 328]",high
BenchmarkTest00019,"[327, 328]",high
BenchmarkTest00003,"[327, 328]",high